alpha,affine_predicted_l2_ratio
-0.035,1.406265948884078
-0.034833333333333334,1.4006964692611876
-0.03466666666666667,1.3951424060499078
-0.0345,1.389603944102327
-0.034333333333333334,1.3840812707058818
-0.03416666666666667,1.3785745756109546
-0.034,1.373084051058451
-0.03383333333333333,1.3676098918073454
-0.03366666666666667,1.362152295162167
-0.0335,1.3567114610004105
-0.03333333333333334,1.3512875917998455
-0.03316666666666667,1.3458808926657038
-0.033,1.3404915713577188
-0.03283333333333334,1.3351198383169915
-0.03266666666666667,1.3297659066926557
-0.0325,1.3244299923683174
-0.03233333333333334,1.319112313988233
-0.03216666666666667,1.313813092983202
-0.032,1.3085325535961394
-0.03183333333333334,1.3032709229072934
-0.03166666666666667,1.2980284308590746
-0.0315,1.2928053102804626
-0.03133333333333334,1.2876017969109486
-0.03116666666666667,1.282418129423977
-0.031000000000000003,1.2772545494498464
-0.030833333333333338,1.272111301598023
-0.03066666666666667,1.266988633478829
-0.030500000000000003,1.2618867957244555
-0.030333333333333337,1.2568060420092535
-0.030166666666666668,1.251746629069256
-0.030000000000000002,1.2467088167208793
-0.029833333333333337,1.241692867878749
-0.029666666666666668,1.2366990485726017
-0.029500000000000002,1.2317276279632006
-0.029333333333333336,1.2267788783572107
-0.029166666666666667,1.2218530752209724
-0.029,1.2169504971931142
-0.028833333333333336,1.2120714260959364
-0.02866666666666667,1.2072161469455063
-0.028500000000000004,1.2023849479603945
-0.028333333333333335,1.197578120568982
-0.02816666666666667,1.1927959594152717
-0.028000000000000004,1.1880387623631268
-0.027833333333333335,1.1833068304988652
-0.02766666666666667,1.1786004681321314
-0.027500000000000004,1.1739199827949676
-0.027333333333333334,1.1692656852390062
-0.02716666666666667,1.1646378894307008
-0.027000000000000003,1.1600369125445105
-0.026833333333333334,1.1554630749539563
-0.02666666666666667,1.15091670022046
-0.026500000000000003,1.1463981150798799
-0.026333333333333334,1.1419076494266507
-0.02616666666666667,1.1374456362954428
-0.026000000000000002,1.133012411840241
-0.025833333333333333,1.1286083153107558
-0.02566666666666667,1.1242336890260736
-0.025500000000000002,1.119888878345443
-0.025333333333333336,1.1155742316361128
-0.02516666666666667,1.1112901002381157
-0.025,1.1070368384259066
-0.024833333333333336,1.1028148033667584
-0.02466666666666667,1.0986243550758126
-0.0245,1.0944658563676972
-0.024333333333333335,1.0903396728046066
-0.02416666666666667,1.0862461726407535
-0.024,1.0821857267630928
-0.023833333333333335,1.0781587086282285
-0.02366666666666667,1.0741654941954075
-0.0235,1.070206461855509
-0.023333333333333334,1.0662819923559428
-0.02316666666666667,1.0623924687213662
-0.023,1.0585382761701383
-0.022833333333333337,1.054719802026427
-0.02266666666666667,1.0509374356278929
-0.0225,1.0471915682288728
-0.022333333333333337,1.0434825928989948
-0.022166666666666668,1.0398109044171544
-0.022000000000000002,1.0361768991607954
-0.021833333333333337,1.0325809749904316
-0.021666666666666667,1.0290235311293652
-0.021500000000000002,1.0255049680385528
-0.021333333333333336,1.022025687286581
-0.021166666666666667,1.0185860914147176
-0.021,1.0151865837970195
-0.020833333333333336,1.011827568495474
-0.020666666666666667,1.0085094501101675
-0.0205,1.0052326336244808
-0.020333333333333335,1.0019975242453225
-0.020166666666666666,0.9988045272384132
-0.020000000000000004,0.9956540477586547
-0.019833333333333335,0.9925464906756183
-0.019666666666666666,0.9894822603942051
-0.019500000000000003,0.9864617606705361
-0.019333333333333334,0.9834853944231464
-0.01916666666666667,0.980553563539564
-0.019000000000000003,0.9776666686783755
-0.018833333333333334,0.9748251090668806
-0.018666666666666668,0.9720292822944622
-0.018500000000000003,0.9692795841018048
-0.018333333333333333,0.9665764081661091
-0.018166666666666668,0.9639201458824657
-0.018000000000000002,0.9613111861415636
-0.017833333333333333,0.9587499151039203
-0.017666666666666667,0.9562367159708405
-0.0175,0.9537719687523164
-0.017333333333333336,0.9513560500321054
-0.017166666666666667,0.9489893327302255
-0.017,0.9466721858631297
-0.016833333333333336,0.944404974301831
-0.016666666666666666,0.9421880585282626
-0.0165,0.9400217943901725
-0.016333333333333335,0.9379065328548637
-0.016166666666666666,0.9358426197621007
-0.016,0.9338303955765205
-0.015833333333333335,0.9318701951398908
-0.01566666666666667,0.9299623474235741
-0.0155,0.9281071752815614
-0.015333333333333334,0.9263049952044531
-0.015166666666666669,0.9245561170747688
-0.015,0.9228608439239764
-0.014833333333333334,0.9212194716916392
-0.014666666666666668,0.9196322889870823
-0.014499999999999999,0.9180995768539849
-0.014333333333333333,0.9166216085383111
-0.014166666666666668,0.9151986492599866
-0.014000000000000002,0.9138309559887406
-0.013833333333333333,0.9125187772245215
-0.013666666666666667,0.9112623527828991
-0.013500000000000002,0.9100619135858629
-0.013333333333333332,0.9089176814584192
-0.013166666666666667,0.9078298689313891
-0.013000000000000001,0.9067986790507947
-0.012833333333333335,0.9058243051942235
-0.012666666666666666,0.9049069308945413
-0.0125,0.904046729671319
-0.012333333333333335,0.9032438648703264
-0.012166666666666666,0.9024984895114287
-0.012,0.9018107461452126
-0.011833333333333335,0.9011807667186469
-0.011666666666666665,0.9006086724500714
-0.0115,0.9000945737137849
-0.011333333333333334,0.8996385699344871
-0.011166666666666668,0.8992407494918069
-0.011,0.8989011896351303
-0.010833333333333334,0.8986199564089188
-0.010666666666666668,0.8983971045886837
-0.010499999999999999,0.8982326776277637
-0.010333333333333333,0.8981267076150238
-0.010166666666666668,0.8980792152435726
-0.009999999999999998,0.8980902097905692
-0.009833333333333333,0.8981596891081643
-0.009666666666666667,0.8982876396255985
-0.009500000000000001,0.8984740363624495
-0.009333333333333332,0.8987188429530028
-0.009166666666666667,0.8990220116816853
-0.009000000000000001,0.8993834835294859
-0.008833333333333332,0.8998031882312546
-0.008666666666666666,0.900281044343752
-0.0085,0.9008169593242965
-0.008333333333333331,0.9014108296198323
-0.008166666666666666,0.9020625407662187
-0.008,0.9027719674975216
-0.007833333333333335,0.9035389738650653
-0.007666666666666665,0.9043634133659835
-0.0075,0.9052451290809902
-0.007333333333333334,0.9061839538210733
-0.007166666666666665,0.9071797102827953
-0.006999999999999999,0.9082322112118729
-0.006833333333333334,0.9093412595746926
-0.006666666666666668,0.9105066487374033
-0.006499999999999999,0.9117281626522209
-0.006333333333333333,0.9130055760505632
-0.0061666666666666675,0.9143386546426304
-0.005999999999999998,0.9157271553230353
-0.005833333333333333,0.9171708263820814
-0.005666666666666667,0.9186694077222831
-0.005499999999999998,0.9202226310797182
-0.005333333333333332,0.921830220249801
-0.005166666666666667,0.9234918913170611
-0.005000000000000001,0.9252073528885173
-0.004833333333333332,0.9269763063302322
-0.004666666666666666,0.9287984460066415
-0.0045000000000000005,0.9306734595222497
-0.004333333333333331,0.932601027965293
-0.004166666666666666,0.9345808261529758
-0.004,0.9366125228778893
-0.003833333333333331,0.9386957811552362
-0.0036666666666666653,0.9408302584704865
-0.003499999999999996,0.9430156070271023
-0.003333333333333334,0.9452514739939814
-0.003166666666666665,0.9475375017522754
-0.0030000000000000027,0.9498733281412531
-0.0028333333333333335,0.9522585867028907
-0.0026666666666666644,0.9546929069248818
-0.0025000000000000022,0.9571759144817761
-0.002333333333333333,0.9597072314739615
-0.002166666666666664,0.9622864766642293
-0.0020000000000000018,0.9649132657116625
-0.0018333333333333326,0.9675872114026118
-0.0016666666666666635,0.9703079238785329
-0.0015000000000000013,0.9730750108604697
-0.0013333333333333322,0.9758880778699914
-0.001166666666666663,0.9787467284463934
-0.0010000000000000009,0.9816505643599958
-0.0008333333333333318,0.9845991858213815
-0.0006666666666666626,0.9875921916864292
-0.0005000000000000004,0.990629179657015
-0.0003333333333333313,0.9937097464772624
-0.0001666666666666622,0.9968334881252378
0.0,1.0
0.00016666666666666913,1.0032088771039263
0.0003333333333333313,1.006459714220241
0.0005000000000000004,1.0097521060856998
0.0006666666666666696,1.0130856475583754
0.0008333333333333318,1.016459933780514
0.0010000000000000009,1.0198745603364419
0.00116666666666667,1.0233291234054964
0.0013333333333333322,1.0268232199099911
0.0015000000000000013,1.0303564476582028
0.0016666666666666705,1.0339284054824052
0.0018333333333333326,1.0375386933719601
0.0020000000000000018,1.0411869126015025
0.002166666666666671,1.0448726658542429
0.002333333333333333,1.048595557340438
0.0025000000000000022,1.0523551929110742
0.0026666666666666713,1.0561511801668135
0.0028333333333333335,1.0599831285622665
0.0030000000000000027,1.0638506495056514
0.003166666666666665,1.0677533564539101
0.003333333333333334,1.0716908650033528
0.003500000000000003,1.0756627929759055
0.0036666666666666653,1.0796687605010464
0.0038333333333333344,1.0837083900935043
0.0040000000000000036,1.087781306726813
0.004166666666666666,1.0918871379028046
0.004333333333333335,1.0960255137171366
0.004500000000000004,1.1001960669209359
0.004666666666666666,1.1043984329786636
0.004833333333333335,1.1086322501222883
0.0050000000000000044,1.1128971594018635
0.005166666666666667,1.1171928047326094
0.005333333333333336,1.1215188329385914
0.005500000000000005,1.125874893793096
0.005666666666666667,1.1302606400557962
0.005833333333333336,1.1346757275068107
0.006000000000000005,1.1391198149777442
0.0061666666666666675,1.143592564379814
0.006333333333333337,1.1480936407291507
0.006499999999999999,1.1526227121693733
0.006666666666666668,1.1571794499915287
0.006833333333333337,1.1617635286514894
0.006999999999999999,1.1663746257849026
0.007166666666666668,1.1710124222197782
0.0073333333333333375,1.1756766019868052
0.0075,1.1803668523274864
0.007666666666666669,1.1850828637001736
0.007833333333333338,1.18982432978409
0.008,1.194590947481422
0.00816666666666667,1.1993824169175624
0.008333333333333338,1.20419844143958
0.0085,1.2090387276130001
0.00866666666666667,1.2139029852169654
0.008833333333333339,1.2187909272378532
0.009000000000000001,1.2237022698614237
0.00916666666666667,1.228636732463564
0.009333333333333332,1.233594037599702
0.009500000000000001,1.2385739109929514
0.00966666666666667,1.2435760815210561
0.009833333333333333,1.2486002812021955
0.010000000000000002,1.2536462451797108
0.010166666666666671,1.2587137117058123
0.010333333333333333,1.263802422124323
0.010500000000000002,1.268912120852519
0.010666666666666672,1.2740425553621109
0.010833333333333334,1.2791934761594301
0.011000000000000003,1.2843646367648573
0.011166666666666672,1.2895557936915525
0.011333333333333334,1.2947667064235255
0.011500000000000003,1.2999971373930972
0.011666666666666672,1.3052468519577893
0.011833333333333335,1.3105156183766904
0.012000000000000004,1.3158032077863346
0.012166666666666673,1.3211093941761318
0.012333333333333335,1.326433954363387
0.012500000000000004,1.3317766679679466
0.012666666666666666,1.3371373173865013
0.012833333333333335,1.342515687766583
0.013000000000000005,1.3479115669802828
0.013166666666666667,1.353324745597726
0.013333333333333336,1.358755016860327
0.013500000000000005,1.3642021766538541
0.013666666666666667,1.3696660234813332
0.013833333333333336,1.3751463584358108
0.014000000000000005,1.3806429851730038
0.014166666666666668,1.3861557098838584
0.014333333333333337,1.391684341267039
0.014500000000000006,1.3972286905013687
0.014666666666666668,1.4027885712182413
0.014833333333333337,1.4083637994740243
0.015,1.4139541937224673
