block,full_Linf_over_original_global,half_Linf_over_original_global
0,2.3609845933947306e-14,2.3609845933947306e-14
1,3.1479794578596406e-14,3.1479794578596406e-14
2,6.295958915719281e-14,6.295958915719281e-14
3,6.295958915719281e-14,6.295958915719281e-14
4,3.1479794578596407e-13,3.1479794578596407e-13
5,3.236122882679711e-11,3.236122882679711e-11
6,2.30986140699909e-09,2.30986140699909e-09
7,2.3622186013422115e-08,2.3622186013422115e-08
8,1.8953264058072938e-06,1.8953264058072938e-06
9,4.26559353437284e-05,4.26559353437284e-05
10,0.0002266756889871222,0.0002266756889871222
11,0.0006552453728304749,0.0006552453728304749
12,0.00945194592871634,0.00945194592871634
13,0.035921611396593466,0.035921611396593466
14,0.07201721073739595,0.07201721073739595
15,0.085661835103627,0.085661835103627
16,0.08483263614791657,0.08483263614791657
17,0.06028571023392928,0.06028571023392928
18,0.03834464307711016,0.03834464307711016
19,0.0727576194647835,0.0727576194647835
20,0.09877635062267444,0.09877635062267444
21,0.3471025504868917,0.20316901039279225
22,0.16080824761249735,0.2013409984939462
23,0.4262426790136822,0.510064730608674
24,0.695801892445699,0.8010230769982318
25,0.7862777090266818,0.8931388546422822
26,0.021828259827704314,0.026704411999484364
27,0.12195672013481948,0.0760031904038976
28,0.03089240178300481,0.03089240178300481
29,0.03060270086319284,0.03060270086319284
30,0.02992513866968742,0.02992513866968742
31,0.028781263436337884,0.028781263436337884
32,0.02709775251022945,0.02709775251022945
33,0.024821283217259717,0.024821283217259717
34,0.021911246594216397,0.021911246594216397
35,0.021191925096297404,0.021191925096297404
36,0.025823768257782174,0.025823768257782174
37,0.027616417216061086,0.027616417216061086
38,0.0276174392687888,0.0276174392687888
39,0.025768751610098915,0.025768751610098915
40,0.020035040836327234,0.020035040836327234
41,0.014504488217965699,0.014504488217965699
42,0.016919784690410014,0.016919784690410014
43,0.01808003028024231,0.01808003028024231
44,0.026090979117817353,0.026090979117817353
45,0.2590172066675108,0.16758331261810672
46,0.10378711147595544,0.134828198898714
47,0.15661504251046418,0.20073480627529713
48,0.18269909081105992,0.22840426335703026
49,0.18254911340574262,0.22734314862249555
50,0.14942921574336326,0.18007113875033554
51,0.9103580772793498,0.5075874639837109
52,0.0,0.0
53,1.2591917831438562e-13,1.2591917831438562e-13
54,6.040677456558476e-12,6.040677456558476e-12
55,3.091361940598507e-10,3.091361940598507e-10
56,3.619918681833455e-10,3.619918681833455e-10
57,1.4463823423966083e-10,1.4463823423966083e-10
58,1.6641131171779196e-11,1.6641131171779196e-11
59,1.8160679990151872e-14,1.8160679990151872e-14
60,5.965091805354094e-19,5.965091805354094e-19
61,9.200326313824087e-23,9.200326313824087e-23
62,2.14870732265786e-28,2.14870732265786e-28
63,3.898819223122128e-34,3.898819223122128e-34
64,1.1514935240330849e-41,1.1514935240330849e-41
65,4.878692293362843e-51,4.878692293362843e-51
66,1.4072281116255006e-62,1.4072281116255006e-62
67,1.2509395212783063e-76,1.2509395212783063e-76
68,1.30034003679937e-93,1.30034003679937e-93
69,4.7822070367991054e-114,4.7822070367991054e-114
70,1.5341478461890885e-138,1.5341478461890885e-138
71,8.412806784871049e-168,8.412806784871049e-168
72,1.1875337409471997e-202,1.1875337409471997e-202
73,5.129763064429066e-244,5.129763064429066e-244
74,5.953454325063919e-293,5.953454325063919e-293
75,0.0,0.0
