comparison,denominator,norm,maximum_four_endpoint_ratio,limit,ratio_to_limit
A16 - A8,r20,L2,1.89905378883035e-05,0.001,0.018990537888303502
A16 - A8,r20,Mass,7.599453867084975e-05,0.001,0.07599453867084975
A16 - A8,r20,Max-cell,1.2691876756521089e-05,0.001,0.012691876756521088
A16 - A8,signal,L2,0.005297435912323359,0.1,0.05297435912323359
A16 - A8,signal,Mass,0.012789137644491482,0.1,0.1278913764449148
A16 - A8,signal,Max-cell,0.0021463601979262933,0.1,0.021463601979262933
H16 - H8,r20,L2,0.0050658087689511334,0.001,5.0658087689511335
H16 - H8,r20,Mass,0.017053083419484163,0.001,17.053083419484164
H16 - H8,r20,Max-cell,0.002118587813433435,0.001,2.118587813433435
H16 - H8,signal,L2,1.4131141232251672,0.1,14.131141232251672
H16 - H8,signal,Mass,2.869867163210187,0.1,28.698671632101867
H16 - H8,signal,Max-cell,0.35828054792833075,0.1,3.5828054792833073
H16 - A16,r20,L2,0.06899337419750437,0.001,68.99337419750437
H16 - A16,r20,Mass,0.2615050677108489,0.001,261.5050677108489
H16 - A16,r20,Max-cell,0.03693760949953417,0.001,36.93760949953417
H16 - A16,signal,L2,19.24579389672432,0.1,192.45793896724317
H16 - A16,signal,Mass,44.008745420136066,0.1,440.08745420136063
H16 - A16,signal,Max-cell,6.246626590949955,0.1,62.46626590949955
