fraction,predicted_l2_ratio,within_linf_upper
0.0,1.0,True
0.005,0.9964131099877115,True
0.01,0.9928268345384372,True
0.015,0.9892411803360647,True
0.02,0.9856561541605746,True
0.025,0.9820717628897521,True
0.03,0.9784880135009337,True
0.035,0.9749049130727919,True
0.04,0.9713224687871583,True
0.045,0.967740687930883,True
0.05,0.964159577897738,True
0.055,0.9605791461903579,True
0.06,0.9569994004222241,True
0.065,0.953420348319692,True
0.07,0.9498419977240616,True
0.075,0.9462643565936935,True
0.08,0.9426874330061709,True
0.085,0.9391112351605098,True
0.09,0.9355357713794161,True
0.095,0.9319610501115952,True
0.1,0.9283870799341094,True
0.105,0.9248138695547902,True
0.11,0.9212414278147034,True
0.115,0.9176697636906694,True
0.12,0.9140988862978403,True
0.125,0.9105288048923338,True
0.13,0.9069595288739285,True
0.135,0.9033910677888186,True
0.14,0.8998234313324323,True
0.145,0.8962566293523133,True
0.15,0.8926906718510698,True
0.155,0.8891255689893895,True
0.16,0.8855613310891256,True
0.165,0.8819979686364527,True
0.17,0.8784354922850974,True
0.17500000000000002,0.8748739128596419,True
0.18,0.871313241358908,True
0.185,0.8677534889594162,True
0.19,0.86419466701893,True
0.195,0.8606367870800818,True
0.2,0.8570798608740845,True
0.20500000000000002,0.8535239003245315,True
0.21,0.8499689175512881,True
0.215,0.8464149248744749,True
0.22,0.842861934818547,True
0.225,0.8393099601164715,True
0.23,0.8357590137140062,True
0.23500000000000001,0.8322091087740814,True
0.24,0.8286602586812886,True
0.245,0.825112477046479,True
0.25,0.8215657777114743,True
0.255,0.818020174753893,True
0.26,0.8144756824920967,True
0.265,0.8109323154902577,True
0.27,0.8073900885635528,True
0.275,0.8038490167834874,True
0.28,0.8003091154833514,True
0.28500000000000003,0.7967704002638126,True
0.29,0.793232886998651,True
0.295,0.7896965918406388,True
0.3,0.786161531227567,True
0.305,0.7826277218884291,True
0.31,0.779095180849759,True
0.315,0.775563925442134,True
0.32,0.7720339733068439,True
0.325,0.7685053424027316,True
0.33,0.7649780510132129,True
0.335,0.761452117753477,True
0.34,0.7579275615778747,True
0.34500000000000003,0.7544044017875016,True
0.35000000000000003,0.7508826580379787,True
0.355,0.7473623503474395,True
0.36,0.7438434991047275,True
0.365,0.7403261250778115,True
0.37,0.7368102494224257,True
0.375,0.7332958936909395,True
0.38,0.7297830798414672,True
0.385,0.7262718302472208,True
0.39,0.722762167706117,True
0.395,0.7192541154506449,True
0.4,0.7157476971580006,True
0.405,0.7122429369605002,True
0.41000000000000003,0.7087398594562777,True
0.41500000000000004,0.7052384897202765,True
0.42,0.7017388533155448,True
0.425,0.6982409763048439,True
0.43,0.6947448852625793,True
0.435,0.6912506072870638,True
0.44,0.6877581700131241,True
0.445,0.6842676016250623,True
0.45,0.680778930869982,True
0.455,0.6772921870714907,True
0.46,0.6738074001437933,True
0.465,0.6703246006061835,True
0.47000000000000003,0.6668438195979534,True
0.47500000000000003,0.6633650888937277,True
0.48,0.6598884409192401,True
0.485,0.6564139087675663,True
0.49,0.6529415262158251,True
0.495,0.6494713277423678,True
0.5,0.6460033485444671,True
0.505,0.6425376245565245,True
0.51,0.6390741924688128,True
0.515,0.6356130897467704,True
0.52,0.6321543546508669,True
0.525,0.6286980262570566,True
0.53,0.6252441444778435,True
0.535,0.6217927500839721,True
0.54,0.6183438847267713,True
0.545,0.6148975909611674,True
0.55,0.6114539122693929,True
0.555,0.6080128930854123,True
0.56,0.6045745788200876,True
0.5650000000000001,0.6011390158871129,True
0.5700000000000001,0.5977062517297387,True
0.5750000000000001,0.5942763348483161,True
0.58,0.5908493148286872,True
0.585,0.5874252423714502,True
0.59,0.5840041693221308,True
0.595,0.5805861487022869,True
0.6,0.5771712347415823,True
0.605,0.573759482910861,True
0.61,0.570350949956254,True
0.615,0.5669456939343581,True
0.62,0.5635437742485205,True
0.625,0.5601452516862667,True
0.63,0.5567501884579129,True
0.635,0.5533586482364028,True
0.64,0.5499706961984095,True
0.645,0.5465863990667482,True
0.65,0.5432058251541425,True
0.655,0.5398290444083923,True
0.66,0.5364561284589915,True
0.665,0.5330871506652444,True
0.67,0.5297221861659327,True
0.675,0.5263613119305862,True
0.68,0.5230046068124139,True
0.685,0.5196521516029493,True
0.6900000000000001,0.5163040290884705,True
0.6950000000000001,0.5129603241082578,True
0.7000000000000001,0.5096211236147463,True
0.705,0.5062865167356436,True
0.71,0.5029565948380761,True
0.715,0.49963145159483396,True
0.72,0.4963111830527864,True
0.725,0.4929958877035372,True
0.73,0.48968566655640205,True
0.735,0.486380623213779,True
0.74,0.4830808639489947,True
0.745,0.47978649778671045,True
0.75,0.47649763658596883,True
0.755,0.47321439512597047,True
0.76,0.4699368911946676,True
0.765,0.4666652456802698,True
0.77,0.4633995826657502,True
0.775,0.46014002952645083,True
0.78,0.4568867170308868,True
0.785,0.4536397794448446,True
0.79,0.45039935463888014,True
0.795,0.44716558419931984,True
0.8,0.44393861354286984,True
0.805,0.44071859203493874,True
0.81,0.4375056731117883,True
0.8150000000000001,0.4343000144066153,True
0.8200000000000001,0.43110177787967924,True
0.8250000000000001,0.4279111299525888,True
0.8300000000000001,0.4247282416468552,True
0.835,0.42155328872682796,True
0.84,0.4183864518471245,True
0.845,0.4152279167046634,True
0.85,0.4120778741954132,True
0.855,0.40893652057596097,True
0.86,0.40580405763001304,True
0.865,0.4026806928399221,True
0.87,0.39956663956334376,True
0.875,0.39646211721511737,True
0.88,0.39336735145445273,True
0.885,0.3902825743775082,True
0.89,0.3872080247154317,True
0.895,0.38414394803792584,True
0.9,0.3810905969623886,True
0.905,0.37804823136867305,True
0.91,0.3750171186194847,True
0.915,0.37199753378643086,True
0.92,0.3689897598817066,True
0.925,0.36599408809539435,True
0.93,0.36301081803831436,False
0.935,0.3600402579903528,False
0.9400000000000001,0.3570827251541587,False
0.9450000000000001,0.35413854591406463,False
0.9500000000000001,0.3512080561000594,False
0.9550000000000001,0.3482916012565962,False
0.96,0.34538953691597596,False
0.965,0.3425022288759998,False
0.97,0.3396300534815344,False
0.975,0.3367733979095722,False
0.98,0.33393266045730724,False
0.985,0.33110825083268214,False
0.99,0.3283005904467859,False
0.995,0.3255101127074017,False
1.0,0.32273726331291397,False
