checkpoint,quantity,block,value,source_job
8,relative_change_l2,,0.007822108276484812,82396
8,rayleigh_action,,0.9932229857388362,82396
8,mapped_difference_l2_ratio,,0.9932306664896938,82396
8,unweighted squared difference share,0,2.29762201138312e-37,82396
8,unweighted squared difference share,1,1.0195098866367488e-36,82396
8,unweighted squared difference share,2,1.806660996827706e-36,82396
8,unweighted squared difference share,3,3.0396038195674943e-35,82396
8,unweighted squared difference share,4,1.0415144043975457e-34,82396
8,unweighted squared difference share,5,2.2375434238987198e-33,82396
8,unweighted squared difference share,6,3.42929711669466e-29,82396
8,unweighted squared difference share,7,4.456250093257128e-25,82396
8,unweighted squared difference share,8,1.4585460442109097e-21,82396
8,unweighted squared difference share,9,1.5382019642225485e-18,82396
8,unweighted squared difference share,10,6.496571193383214e-16,82396
8,unweighted squared difference share,11,1.2508299879380555e-13,82396
8,unweighted squared difference share,12,1.1731937325610088e-11,82396
8,unweighted squared difference share,13,5.766704360675953e-10,82396
8,unweighted squared difference share,14,1.65602642963629e-08,82396
8,unweighted squared difference share,15,3.131484958970539e-07,82396
8,unweighted squared difference share,16,4.267661394062998e-06,82396
8,unweighted squared difference share,17,4.382905936489015e-05,82396
8,unweighted squared difference share,18,0.00034103239787948116,82396
8,unweighted squared difference share,19,0.0019664980631137175,82396
8,unweighted squared difference share,20,0.008129230290129926,82396
8,unweighted squared difference share,21,0.02391292260875293,82396
8,unweighted squared difference share,22,0.0579798826796284,82396
8,unweighted squared difference share,23,0.1456717566593274,82396
8,unweighted squared difference share,24,0.32402482969877544,82396
8,unweighted squared difference share,25,0.2698354196810862,82396
8,unweighted squared difference share,26,0.0002186901621872295,82396
8,unweighted squared difference share,27,0.0002461112479864121,82396
8,unweighted squared difference share,28,0.0002771322872722972,82396
8,unweighted squared difference share,29,0.0003106727128874353,82396
8,unweighted squared difference share,30,0.0003459897791124142,82396
8,unweighted squared difference share,31,0.0003820461488928333,82396
8,unweighted squared difference share,32,0.00041717629941489447,82396
8,unweighted squared difference share,33,0.0004488664846543219,82396
8,unweighted squared difference share,34,0.0004734976582431377,82396
8,unweighted squared difference share,35,0.00048610946909568334,82396
8,unweighted squared difference share,36,0.000480291138044428,82396
8,unweighted squared difference share,37,0.00044847541678571845,82396
8,unweighted squared difference share,38,0.00038323063691296017,82396
8,unweighted squared difference share,39,0.0002808711809141289,82396
8,unweighted squared difference share,40,0.00015033692490321374,82396
8,unweighted squared difference share,41,3.394743558364752e-05,82396
8,unweighted squared difference share,42,5.4703890091957064e-05,82396
8,unweighted squared difference share,43,0.0005196117290885865,82396
8,unweighted squared difference share,44,0.0021196792349234693,82396
8,unweighted squared difference share,45,0.006229487211344949,82396
8,unweighted squared difference share,46,0.014834924551610404,82396
8,unweighted squared difference share,47,0.02724186350904088,82396
8,unweighted squared difference share,48,0.04167019325320859,82396
8,unweighted squared difference share,49,0.0411502895399147,82396
8,unweighted squared difference share,50,0.024020502869629125,82396
8,unweighted squared difference share,51,0.004865300131515791,82396
8,unweighted squared difference share,52,5.785218661776139e-34,82396
8,unweighted squared difference share,53,2.3437193460671117e-34,82396
8,unweighted squared difference share,54,1.2191186966234211e-33,82396
8,unweighted squared difference share,55,3.4253866818720977e-29,82396
8,unweighted squared difference share,56,2.4449120751216307e-27,82396
8,unweighted squared difference share,57,2.7778843497615324e-27,82396
8,unweighted squared difference share,58,7.025155860277823e-29,82396
8,unweighted squared difference share,59,1.5840320962620967e-32,82396
8,unweighted squared difference share,60,1.8911192882802275e-38,82396
8,unweighted squared difference share,61,1.2398073149978531e-46,82396
8,unweighted squared difference share,62,4.954411817647834e-57,82396
8,unweighted squared difference share,63,1.1189617689557865e-69,82396
8,unweighted squared difference share,64,5.154053277802252e-85,82396
8,unweighted squared difference share,65,7.495209599929021e-104,82396
8,unweighted squared difference share,66,7.014171716668965e-127,82396
8,unweighted squared difference share,67,9.034007846128672e-155,82396
8,unweighted squared difference share,68,2.6033445800742098e-188,82396
8,unweighted squared difference share,69,1.873761035553768e-228,82396
8,unweighted squared difference share,70,2.5058324180225536e-276,82396
8,unweighted squared difference share,71,0.0,82396
8,unweighted squared difference share,72,0.0,82396
8,unweighted squared difference share,73,0.0,82396
8,unweighted squared difference share,74,0.0,82396
8,unweighted squared difference share,75,0.0,82396
16,relative_change_l2,,0.007420629131055533,82396
16,rayleigh_action,,0.9934451548312807,82396
16,mapped_difference_l2_ratio,,0.993451244600993,82396
16,unweighted squared difference share,0,2.5572432297476233e-37,82396
16,unweighted squared difference share,1,1.1347100360050748e-36,82396
16,unweighted squared difference share,2,2.0108057720971944e-36,82396
16,unweighted squared difference share,3,3.383065730652887e-35,82396
16,unweighted squared difference share,4,1.1658945871546122e-34,82396
16,unweighted squared difference share,5,7.92224092654495e-34,82396
16,unweighted squared difference share,6,1.5442881014199185e-32,82396
16,unweighted squared difference share,7,4.210975035818476e-28,82396
16,unweighted squared difference share,8,4.857887776244993e-24,82396
16,unweighted squared difference share,9,1.4809945866300842e-20,82396
16,unweighted squared difference share,10,1.5218611338397153e-17,82396
16,unweighted squared difference share,11,6.128204779124355e-15,82396
16,unweighted squared difference share,12,1.053846358867229e-12,82396
16,unweighted squared difference share,13,8.508116734529387e-11,82396
16,unweighted squared difference share,14,3.67465805978145e-09,82396
16,unweighted squared difference share,15,9.745056437450898e-08,82396
16,unweighted squared difference share,16,1.757815280253601e-06,82396
16,unweighted squared difference share,17,2.2685106746671e-05,82396
16,unweighted squared difference share,18,0.0002111105507482931,82396
16,unweighted squared difference share,19,0.0013942329219585447,82396
16,unweighted squared difference share,20,0.006391581467258881,82396
16,unweighted squared difference share,21,0.02042587220367189,82396
16,unweighted squared difference share,22,0.05343019717894097,82396
16,unweighted squared difference share,23,0.14294189002889612,82396
16,unweighted squared difference share,24,0.32960947701510496,82396
16,unweighted squared difference share,25,0.27884776731788563,82396
16,unweighted squared difference share,26,0.00012188406979112637,82396
16,unweighted squared difference share,27,0.0001397377586420497,82396
16,unweighted squared difference share,28,0.00016096117957985792,82396
16,unweighted squared difference share,29,0.0001846619483754424,82396
16,unweighted squared difference share,30,0.00021055942150088427,82396
16,unweighted squared difference share,31,0.00023816106317205117,82396
16,unweighted squared difference share,32,0.0002665236296154832,82396
16,unweighted squared difference share,33,0.000294051815060453,82396
16,unweighted squared difference share,34,0.000318242020552648,82396
16,unweighted squared difference share,35,0.0003354000410375663,82396
16,unweighted squared difference share,36,0.0003404037464633404,82396
16,unweighted squared difference share,37,0.00032672070111769777,82396
16,unweighted squared difference share,38,0.0002871775717768167,82396
16,unweighted squared difference share,39,0.0002166524623856051,82396
16,unweighted squared difference share,40,0.00011943362087764966,82396
16,unweighted squared difference share,41,2.7637570797429694e-05,82396
16,unweighted squared difference share,42,4.5437213131263694e-05,82396
16,unweighted squared difference share,43,0.00045026890776485073,82396
16,unweighted squared difference share,44,0.0018993251456823524,82396
16,unweighted squared difference share,45,0.0057645204379488555,82396
16,unweighted squared difference share,46,0.014154679860277514,82396
16,unweighted squared difference share,47,0.026734253778865374,82396
16,unweighted squared difference share,48,0.04188351151316005,82396
16,unweighted squared difference share,49,0.04215325128546326,82396
16,unweighted squared difference share,50,0.024953939704223903,82396
16,unweighted squared difference share,51,0.005095930714880644,82396
16,unweighted squared difference share,52,6.438923017860032e-34,82396
16,unweighted squared difference share,53,2.6085493612374955e-34,82396
16,unweighted squared difference share,54,1.2285870816506505e-35,82396
16,unweighted squared difference share,55,2.549695312227866e-31,82396
16,unweighted squared difference share,56,9.533737692003909e-29,82396
16,unweighted squared difference share,57,2.7276471850609e-28,82396
16,unweighted squared difference share,58,1.5660662991512935e-29,82396
16,unweighted squared difference share,59,6.615575810139065e-33,82396
16,unweighted squared difference share,60,1.1802645189880762e-38,82396
16,unweighted squared difference share,61,9.864646703538673e-47,82396
16,unweighted squared difference share,62,4.554055558403027e-57,82396
16,unweighted squared difference share,63,1.1249898288716772e-69,82396
16,unweighted squared difference share,64,5.538137052742875e-85,82396
16,unweighted squared difference share,65,8.55606813459493e-104,82396
16,unweighted squared difference share,66,8.544508748526387e-127,82396
16,unweighted squared difference share,67,1.1914184123664331e-154,82396
16,unweighted squared difference share,68,3.8112418055146524e-188,82396
16,unweighted squared difference share,69,3.1620559640666814e-228,82396
16,unweighted squared difference share,70,5.142239009217206e-276,82396
16,unweighted squared difference share,71,0.0,82396
16,unweighted squared difference share,72,0.0,82396
16,unweighted squared difference share,73,0.0,82396
16,unweighted squared difference share,74,0.0,82396
16,unweighted squared difference share,75,0.0,82396
8,mapped_difference_l2_ratio,,0.9925189250152062,82039
16,mapped_difference_l2_ratio,,0.9928973516334562,82039
