fraction,affine_predicted_L2_ratio
0.0,1.0
0.005,0.9964261793105106
0.01,0.9928533173100199
0.015,0.9892814243856537
0.02,0.985710511072258
0.025,0.982140588054981
0.03,0.9785716661719074
0.035,0.9750037564167483
0.04,0.9714368699415851
0.045,0.9678710180596719
0.05,0.9643062122482956
0.055,0.9607424641516955
0.06,0.9571797855840438
0.065,0.9536181885324901
0.07,0.9500576851602681
0.075,0.9464982878098692
0.08,0.9429400090062825
0.085,0.9393828614603047
0.09,0.9358268580719188
0.095,0.9322720119337468
0.1,0.9287183363345747
0.105,0.925165844762955
0.11,0.9216145509108845
0.115,0.9180644686775642
0.12,0.9145156121732381
0.125,0.9109679957231177
0.13,0.9074216338713903
0.135,0.9038765413853157
0.14,0.9003327332594125
0.145,0.896790224719737
0.15,0.8932490312282547
0.155,0.8897091684873111
0.16,0.8861706524441986
0.165,0.8826334992958281
0.17,0.8790977254935015
0.17500000000000002,0.8755633477477941
0.18,0.8720303830335437
0.185,0.8684988485949541
0.19,0.8649687619508117
0.195,0.8614401408998229
0.2,0.8579130035260691
0.20500000000000002,0.8543873682045884
0.21,0.8508632536070836
0.215,0.847340678707761
0.22,0.8438196627893033
0.225,0.8403002254489792
0.23,0.8367823866048953
0.23500000000000001,0.8332661665023915
0.24,0.8297515857205852
0.245,0.8262386651790677
0.25,0.8227274261447571
0.255,0.8192178902389117
0.26,0.8157100794443072
0.265,0.8122040161125835
0.27,0.8086997229717648
0.275,0.8051972231339574
0.28,0.8016965401032302
0.28500000000000003,0.7981976977836832
0.29,0.7947007204877075
0.295,0.791205632944444
0.3,0.7877124603084444
0.305,0.7842212281685408
0.31,0.7807319625569289
0.315,0.7772446899584716
0.32,0.7737594373202275
0.325,0.7702762320612111
0.33,0.7667951020823921
0.335,0.7633160757769373
0.34,0.7598391820407048
0.34500000000000003,0.7563644502829963
0.35000000000000003,0.752891910437573
0.355,0.7494215929739451
0.36,0.7459535289089393
0.365,0.7424877498185554
0.37,0.7390242878501159
0.375,0.7355631757347207
0.38,0.7321044468000124
0.385,0.7286481349832606
0.39,0.7251942748447779
0.395,0.7217429015816714
0.4,0.7182940510419424
0.405,0.7148477597389435
0.41000000000000003,0.7114040648662022
0.41500000000000004,0.7079630043126214
0.42,0.7045246166780669
0.425,0.7010889412893552
0.43,0.6976560182166484
0.435,0.6942258882902704
0.44,0.6907985931179577
0.445,0.6873741751025503
0.45,0.6839526774601448
0.455,0.6805341442387132
0.46,0.6771186203372065
0.465,0.6737061515251541
0.47000000000000003,0.6702967844627731
0.47500000000000003,0.6668905667216025
0.48,0.6634875468056763
0.485,0.6600877741732508
0.49,0.6566912992591007
0.495,0.6532981734974029
0.5,0.649908449345219
0.505,0.6465221803065994
0.51,0.6431394209573212
0.515,0.6397602269702809
0.52,0.636384655141558
0.525,0.6330127634171696
0.53,0.6296446109205343
0.535,0.6262802579806647
0.54,0.6229197661611102
0.545,0.6195631982896693
0.55,0.6162106184888927
0.555,0.612862092207399
0.56,0.6095176862520274
0.5650000000000001,0.6061774688208452
0.5700000000000001,0.6028415095370392
0.5750000000000001,0.5995098794837105
0.58,0.5961826512395992
0.585,0.5928598989157636
0.59,0.5895416981932398
0.595,0.5862281263617055
0.6,0.5829192623591798
0.605,0.5796151868127786
0.61,0.5763159820805611
0.615,0.5730217322944903
0.62,0.5697325234045385
0.625,0.5664484432239661
0.63,0.5631695814758058
0.635,0.5598960298405778
0.64,0.5566278820052726
0.645,0.5533652337136274
0.65,0.5501081828177318
0.655,0.5468568293309903
0.66,0.5436112754824796
0.665,0.5403716257727271
0.67,0.537137987030949
0.675,0.5339104684737758
0.68,0.530689181765505
0.685,0.5274742410799061
0.6900000000000001,0.5242657631636195
0.6950000000000001,0.5210638674011753
0.7000000000000001,0.5178686758816697
0.705,0.5146803134671326
0.71,0.5114989078626124
0.715,0.5083245896880183
0.72,0.5051574925517455
0.725,0.5019977531261158
0.73,0.4988455112246657
0.735,0.49570090988130633
0.74,0.4925640954313861
0.745,0.48943521759467973
0.75,0.48631442956033183
0.755,0.48320188807377173
0.76,0.4800977535256255
0.765,0.4770021900426395
0.77,0.4739153655806317
0.775,0.4708374520194849
0.78,0.46776862526018687
0.785,0.46470906532392636
0.79,0.46165895645324234
0.795,0.45861848721522724
0.8,0.45558785060677165
0.805,0.4525672441618374
0.81,0.44955687006074063
0.8150000000000001,0.4465569352414163
0.8200000000000001,0.4435676515126311
0.8250000000000001,0.4405892356691013
0.8300000000000001,0.4376219096084684
0.835,0.4346659004500693
0.84,0.43172144065543466
0.845,0.42878876815043315
0.85,0.4258681264489694
0.855,0.42295976477813174
0.86,0.42006393820467014
0.865,0.41718090776267425
0.87,0.4143109405822979
0.875,0.41145431001936933
0.88,0.4086112957857014
0.885,0.40578218407989763
0.89,0.40296726771843566
0.895,0.4001668462667769
0.9,0.39738122617023947
0.905,0.3946107208843355
0.91,0.3918556510042625
0.915,0.38911634439319226
0.92,0.38639313630898775
0.925,0.3836863695289396
0.93,0.3809963944720835
0.935,0.37832356931862493
0.9400000000000001,0.37566826012596394
0.9450000000000001,0.373030840940774
0.9500000000000001,0.3704116939065511
0.9550000000000001,0.3678112093660108
0.96,0.36522978595766536
0.965,0.3626678307058734
0.97,0.36012575910361333
0.975,0.3576039951871772
0.98,0.3551029716019497
0.985,0.35262312965837495
0.99,0.35016491937717975
0.995,0.34772879952286645
1.0,0.34531523762444694
