block,status,c1,c2,c3,weight_l1,anchor_squared,selected_squared
0,unresolved_kept_at_anchor,0.0,0.0,0.0,1.0,3.146083208224933302272283762035856504659941690945803089487229145526648E-40,3.146083208224933302272283762035856504659941690945803089487229145526648E-40
1,unresolved_kept_at_anchor,0.0,0.0,0.0,1.0,2.455523325005663449721069823390585835165028605989056117165345895225759E-40,2.455523325005663449721069823390585835165028605989056117165345895225759E-40
2,unresolved_kept_at_anchor,0.0,0.0,0.0,1.0,2.293017544694843063640186751075620841252719189113520336146222200479627E-39,2.293017544694843063640186751075620841252719189113520336146222200479627E-39
3,unresolved_kept_at_anchor,0.0,0.0,0.0,1.0,6.751343897239822662344855233924152727217799615005702867063814426318302E-40,6.751343897239822662344855233924152727217799615005702867063814426318302E-40
4,certified_stored_gram_minimum,0.2716884738680474,0.1284592784123959,0.2616673356632393,1.0,6.458905239161719398033296998711880181881564214041162538836905737671401E-38,1.697849791458648357287183925444435204339414966688717449009859177599183E-38
5,certified_stored_gram_minimum,0.8585526334421235,0.00046633847258200554,4.651935770318453e-05,1.0,1.215901969131803641055161855689260372993682185286128030060615046181738E-37,3.896804258647260604496777293071370155131311369140913840592808190476247E-39
6,certified_stored_gram_minimum,0.8335642633069205,0.0007302710774133754,0.028192523680315672,1.0,4.938909539545661433029461105015017712412102769003475621363953920739398E-35,2.156541384331467547831843794724403422704283869062345843888994712240224E-36
7,certified_stored_gram_minimum,0.6363759687467647,-0.002666607966888651,0.029302341856287568,1.0053332159337773,5.257007375271231966813360218566893734916084832481402293509893360393126E-31,5.444245530894493685318394292749123193634847227079852309032534340273047E-33
8,certified_stored_gram_minimum,1.002654414292906,-0.006587309544765515,-0.0864762818732704,1.186127182836072,3.462807570570529334127868334226268614419717708180480138005390616578669E-27,3.465319753573523123719775752394931526305018056669930283304907896124572E-29
9,certified_stored_gram_minimum,-1.9478285143878438,-0.03766477141050552,0.5177773407741668,4.970986571596699,4.747416471905203372903863846036958934227548853885772049636792226817196E-24,4.747578066461289641404355270002157417809917334941516390070529969016075E-26
10,certified_stored_gram_minimum,-0.661321403107707,-0.041081871803366865,0.2239680269889543,2.4048065498221476,1.616828011299336761956818898172271617051132081039222384101684435939172E-21,1.616850770995627987615385446989192914270491663523871484840644397620882E-23
11,certified_stored_gram_minimum,-0.3319087204865652,-0.061248612088937865,0.13507600039842568,1.7863146651510062,1.587299801353236230072618232213740644663581106268378178534303804547712E-19,1.587320382841901826680478152664338029669150972746198342024355310990701E-21
12,certified_stored_gram_minimum,-0.18721911111483996,-0.09796803643246814,0.08746845485122814,1.570374295094616,5.114617626999945104778010503919746441645205806185314908150763013594542E-18,5.114716269432245964573787717531078360438132664737182114494526714891816E-20
13,certified_stored_gram_minimum,-0.10545648772790547,-0.16165143748133448,0.05500900807785171,1.53421585041848,6.075448190601158662019028854081732529631438442099876200142016813288137E-17,6.076359545933412294280099082569201195562781630587884427945332901065806E-19
14,certified_stored_gram_minimum,-0.05769813801096496,-0.24826762819710957,0.03313097494964895,1.611931532416149,2.987394317276582944904781483197530799555806159146110340119051329565991E-16,2.993528783811767455970516778952769347673345800755000990814654690999620E-18
15,certified_stored_gram_minimum,-0.03719589403301879,-0.29708455732228156,0.022838077832643477,1.6685609027106008,6.759486408325297720131097103947359877236391814290736301806816754833562E-16,6.786827617872214197977999652619628365327889805072868168601256720771465E-18
16,certified_stored_gram_minimum,-0.03824120659549838,-0.29346853337501017,0.02349745355620283,1.6634194799410171,3.692380134378472574053516520180233292669426227255134731475294529445819E-16,3.742684148860872465894292165317704631303611450892020430384076364262267E-18
17,certified_stored_gram_minimum,-0.02150102917455053,-0.6303651064294415,0.012920930933477147,2.303732271207984,9.474848641440344466994468913128215367390578621970345651881473258981714E-15,1.045313241354615086839704418688258769965704840366451281326447586643240E-16
18,certified_stored_gram_minimum,-0.00309492197439609,-1.5205190789373755,0.001263519932723917,4.047228001823543,4.472769915730140307668730205217674258663456635792821103336791566107422E-14,6.006443890942363092647323724282218640481010464321872231516697261226034E-16
19,certified_stored_gram_minimum,0.0040616387972254465,-1.6846336882269377,-0.0038819592161268126,4.377031294886129,5.864460244303931815550202696741713982031421817375793636983871692791581E-14,8.896527189141779888318672211522840138899055510687454171118001848910429E-16
20,certified_stored_gram_minimum,0.009830689548184621,-2.1178926589501255,-0.008287486124006987,5.252360290148265,4.096130771325307877113926915909761854750503230759850481490502716042101E-14,2.877210106753903098860405422243089211454903190867249829449100915809988E-15
21,certified_stored_gram_minimum,0.04021326635983805,0.5146768534358368,-0.03352042184642421,1.0670408436928485,2.748186795938894812467823242330034077880349888817201886581642611417919E-13,7.954553223709172855597298505104966821989950811147204710922481525674299E-15
22,certified_stored_gram_minimum,0.030431048282281065,-1.2137580015768246,-0.025185764784750955,3.477887532723151,9.586036185236526515048963499952156821441034972863803886866662651300430E-13,1.617584344109298513014528907151690235332452989726013456004586199194704E-14
23,certified_stored_gram_minimum,-0.011390441061139503,-7.18860955893886,0.010522375562958769,15.399999999999999,7.880808413034163682471360350009214202070565932767287620208662701770663E-13,2.027716475214808000330229200906741388062886798756537176612814978743336E-13
24,certified_stored_gram_minimum,-0.13403336599185905,-7.065966634008141,0.11815156124446008,15.399999999999999,4.520474824053846401228600301354754815909980925070499324647244065999985E-11,5.099775452571589820469974680070686339669484423008148511830117466645565E-12
25,certified_stored_gram_minimum,-0.17055519520653467,-7.0294448047934655,0.13943951119612638,15.399999999999999,1.249373948595142140481421199806626869154620868007654621578694786876440E-10,8.734876619247987195807537586916047152027735675229085031369473870194424E-12
26,certified_stored_gram_minimum,-0.00723018490024022,-0.678893753939452,0.0031506369312624743,2.372247877679384,5.089915807090718973886870845526783674942470931529259203784931742120534E-14,5.421010449690655769453713138739948400871540747573148233924633812962847E-16
27,certified_stored_gram_minimum,-0.006880076045379734,-0.7102857565103495,0.002975178180512698,2.4343316651114586,5.342189635407484410001508875202027222617935826864954407255936530418694E-14,5.548715320750173485841194106389010086799387649633201080436707468009053E-16
28,certified_stored_gram_minimum,-0.009096484969433334,-0.7829868369932018,0.00457177607453756,2.58416664392527,6.303409774754612477380822469836106776951145658216546507901512086391449E-14,6.665032783620611111238075800788397998562396722124367681950084033762495E-16
29,certified_stored_gram_minimum,-0.005678290165467544,-0.8730931390454569,0.0022779985356003373,2.757542858421849,6.223169254268776747855877852810113434750419539320809292348712915554643E-14,6.639033192495671666597573906177486618029408021026985471574138134731726E-16
30,certified_stored_gram_minimum,-0.0024886713684194642,-0.9673252937059886,0.00011906445413715174,2.939627930148816,5.859119418351678673801664727770986856055077020982713165153654699679464E-14,6.314788736877434859869367005638501744146620515659607934322626219153728E-16
31,certified_stored_gram_minimum,0.0003382305991042039,-1.0649439264835994,-0.0018071061855169449,3.1335020653382326,5.227312182347349710706119560954001552512127037886102698394097387790680E-14,5.698273956817797346398970991725674884598402944949403779928394626981619E-16
32,certified_stored_gram_minimum,0.0027238189774216066,-1.1643651307130096,-0.003441302843094284,3.3356128671122076,4.392494094317740946737262289632655660155603934147183764480359968729317E-14,4.847939376886568264314173639711501741240725311705848757006429340620962E-16
33,certified_stored_gram_minimum,0.004606086052036063,-1.2638479429199587,-0.004733674199115868,3.5371632342381494,3.453917722388667054944302653306994428580043235421648262217786395922303E-14,3.860758044102223518746141840499484867706954355655968433000582269225223E-16
34,certified_stored_gram_minimum,0.005944317748063396,-1.3617779307606135,-0.005647272754569819,3.7348504070303665,2.524486227810069998105343681676573620240440444170704203941113519249484E-14,2.853409124750003539522148089960000016413682745110764502013011439938032E-16
35,certified_stored_gram_minimum,0.006728831237542398,-1.4579063027790273,-0.006165449684984607,3.9281435049280238,1.702853787778208915910255809915479647822052948827331597669854090781882E-14,1.935644261310184369223829937824357610766202913800701192143146796218989E-16
36,certified_stored_gram_minimum,0.006999227211493362,-1.5574503117627476,-0.006305782862718241,4.127512189250932,1.049098490222617004611047540652377176970431538541306260015062434831634E-14,1.184909254855300036439047651822377305694861672349322608119709724967298E-16
37,certified_stored_gram_minimum,0.006884465140375983,-1.681940129224487,-0.006151687900359816,4.376183634249694,5.760971560351007729370822777248719197404339315872479065916422769078054E-15,6.335664318585438038718983905137106634414037494423037398745354644808810E-17
38,certified_stored_gram_minimum,0.008396262145425706,-1.6634300918072984,-0.007370736836826195,4.341601657288249,2.623114237238658089285438685182428844990565769976567644938825196732068E-15,2.777814942540503540401617227055772133583746681061156744113787585056534E-17
39,certified_stored_gram_minimum,0.01216371570620716,-1.4282238759436352,-0.010496650693566686,3.8774410532744037,7.951531955920929430963276838627584039133730953608641955909774878819007E-16,1.033896794752544545438290518470182086070129401028064820247276709060958E-17
40,certified_stored_gram_minimum,0.008347602824325898,-1.462288482997738,-0.007180471693329415,3.938937909382135,9.957343859014144332928039300864870882222506195572764645107532999190880E-17,1.408807094523425683725833561129849275500491930244880482736162492998330E-17
41,certified_stored_gram_minimum,0.006506427914438957,-1.3726097154065076,-0.005333513468518392,3.7558864577500515,1.178410292847155638812018796263660938973026934246208716206005817639380E-16,1.652613108075616155570404104350644025335675029053645952220751308356714E-17
42,certified_stored_gram_minimum,0.009692455631076746,-1.634272284359409,-0.007711269527397338,4.283967107773613,5.687588987737673166304177844470773481607483919872750299795427508797729E-16,7.363004695452751864867003974748847937529370012070012592749235185315087E-17
43,certified_stored_gram_minimum,0.01493304978369659,-1.8893659020955704,-0.011782206448503687,4.8022962170881485,8.247402073360507115205295811146719104509436462993599015192103252047673E-15,3.648324556742200668144356334630172163571864562273394384014737403929199E-16
44,certified_stored_gram_minimum,0.010833456939634174,-2.52523257525235,-0.008265337121160208,6.066995824747021,2.933722628414905448204364133829064676000812151093755097974735690513626E-14,7.600613562232281207760292640856643313846352216670215484340832528058287E-16
45,certified_stored_gram_minimum,0.030047073469471875,-0.9629999540176086,-0.02460375250824257,2.9752074130517023,1.279246761373171090902497310861435655216867060546270806753454962745309E-13,2.197150554178227957272483402234853847053619879752908470735943226741868E-15
46,certified_stored_gram_minimum,0.03330181360097639,-0.8165678819944177,-0.027447505020535806,2.6880307740299068,2.880883164688452669482605217409769453795406746188234592409571632742882E-13,3.078523958157029476658338636579502553592625279545872109654603228136277E-15
47,certified_stored_gram_minimum,0.013806570831679622,-6.481403261469206,-0.011145713969945289,13.985097950878302,3.277032044530743327689215627396426604113401775952851835427281912416220E-13,4.345432303113436534724431105328565684370338718855857904880889967956590E-15
48,certified_stored_gram_minimum,-0.048901774582694284,-7.151098225417305,0.046990316957316085,15.399999999999999,1.345477398255838177072395715048925514697824006721260658991923264693469E-13,2.546128537866182121794830297517879157175242158852402356734584611891036E-14
49,certified_stored_gram_minimum,-0.32793303862830714,-6.872066961371693,0.30986656485857617,15.399999999999999,1.146707851559761051938874445303225574157072151615377464395351125858724E-12,1.601170253274805747433288965473062736358103484828191648326852519598025E-13
50,certified_stored_gram_minimum,-1.0687808641042795,-6.13121913589572,1.0152137886206316,15.399999999999999,3.628775993071621346556897494172569303963124531797745930816745385527611E-12,2.849798365088610162264514866354651523711577960122902154961488997373205E-13
51,certified_stored_gram_minimum,-2.125444703317132,-5.074555296682868,2.0284532140926266,15.399999999999999,1.595048108905296204447894374924049084130768440953351827715778199490160E-12,8.354525247025911555795577473023915275383388569664938155729566828976904E-14
52,exact_zero_gram,0.0,0.0,0.0,1.0,0,0
53,unresolved_kept_at_anchor,0.0,0.0,0.0,1.0,3.113797291606889516958201032436856836995244455804968166105946292265827E-39,3.113797291606889516958201032436856836995244455804968166105946292265827E-39
54,certified_stored_gram_minimum,0.8566116935797752,0.0005950142970993514,0.011701834803345263,1.0,1.627128571913859859235388264541356612686093575839965831372950955117831E-39,4.096591690118006139560325565684535258002677754417986742262607296183333E-41
55,certified_stored_gram_minimum,-1.7490884996622562,-0.034105247747552234,0.47872915199213195,4.566387494819617,1.016460646955241222171347624259863660843833150493501415066153008434776E-34,1.028483751555112331368852146782177976217208477393153721325019772246703E-36
56,certified_stored_gram_minimum,-0.44697665073554765,-0.046802733579608534,0.1696163295854178,1.9875587686303124,4.244910753557819497080395476809739144241667447034752374361617314498904E-33,4.258536328493871090728341279251023921255867383879275594233345722949179E-35
57,certified_stored_gram_minimum,-0.14434919587398423,-0.11740789818258417,0.07174897805802612,1.5235141881131367,1.213531268012872185850653014916739309165028002200979174498330169142623E-33,1.216630986700267092145300108950620557368069242798311194351513718272882E-35
58,certified_stored_gram_minimum,-0.0404667937915518,-0.31354873901409275,0.024368580761550032,1.7080310656112891,1.306459177010525867434788841533900839870341812450748045889492815788668E-36,1.308502034975933472395681080356805660219138962851713306268989605549082E-38
59,certified_stored_gram_minimum,-0.0371030941995111,-0.3205039769572911,0.022805270483146806,1.7152141423136045,5.202633930817087908034941673935562995771647122534997662229729731465082E-43,5.507938203151381190817261252378882313336195711159564547310955605356167E-45
60,certified_stored_gram_minimum,-0.015747804774261888,-2.806481851212194,0.011900635621803482,6.644459311972911,2.603010174031520814489023661780526563840215089988609195797498440698395E-48,2.633276470078220620432910480328030263232450294634080313026542698240945E-50
61,certified_stored_gram_minimum,-0.019328397814952644,-7.180671602185047,0.01641457268010108,15.399999999999999,5.483869635564293302397662481206296088735856650254052278913693746015688E-59,8.079412657431604314180322037868005171019222004423624658584534761207620E-61
62,certified_stored_gram_minimum,0.003251671917696317,-7.1974893163120335,-0.0025106836879668494,15.4,3.327406988827402882007101194524203466089461651354019691181546713652035E-68,5.299791757229784334732991262819405246091375172066101179173399036995205E-70
63,certified_stored_gram_minimum,-2.1946870439521726,-5.0053129560478276,2.0304122543050105,15.4,3.702186463846927249645310903671221702825074451162517264580319845411263E-78,4.373423908233355311158798214575640172373968708031463711525942296186870E-80
64,certified_stored_gram_minimum,-7.2,0.0,6.29938780998323,15.399999999999999,2.196053128352365286847608118246559065645801998087782218148015072713066E-92,1.734567687943617335006973312718284607354658240822330599020730364961970E-93
65,certified_stored_gram_minimum,0.0,-7.2,2.065564450743209,15.4,1.511203445682150085191587538393426225758566003745999858265792561025145E-110,1.622122589936418637185642888727567281085945242103084009617266820389717E-111
66,certified_stored_gram_minimum,0.0,-7.2,1.4357673553851436,15.399999999999999,4.671657209886594120457706378923219194904231112911622553233415283768323E-133,5.354124012517980273090691804572682367037043079770416101025145945376060E-135
67,certified_stored_gram_minimum,-5.736269646743592,-1.4637303532564079,6.772382182158239,15.399999999999999,1.726799862651186500506121173535332277943759714570547281758908422518573E-160,1.729221410955152612943885908111768984538662516314207478025703428295127E-162
68,certified_stored_gram_minimum,-7.144757895882896,-0.05524210411710391,8.050146232183153,15.399999999999999,1.344518162716350206644045272585495744385700061213331159100632452435190E-193,1.344536933200853989485748654841607440574817749709306949328286762527048E-195
69,certified_stored_gram_minimum,-6.81642637212649,0.016473610668996178,7.712658803286166,14.63285274425298,2.550255655559077861297236936918212965824779783565406493100722158492196E-233,2.550255666217544950094369835994273723134081802821545439775105863702065E-235
70,certified_stored_gram_minimum,-3.6886148698780232,0.0008102514644786785,4.588369283531473,8.377229739756046,9.037449457658963297609655963124034574023738445625472372335303847342406E-281,9.037449457718322336420955337877470786763260461719937060151466693094415E-283
71,exact_zero_gram,0.0,0.0,0.0,1.0,0,0
72,exact_zero_gram,0.0,0.0,0.0,1.0,0,0
73,exact_zero_gram,0.0,0.0,0.0,1.0,0,0
74,exact_zero_gram,0.0,0.0,0.0,1.0,0,0
75,exact_zero_gram,0.0,0.0,0.0,1.0,0,0
